file,fps,frame_index,method,blind_sigma_dn,roi_mean_dn,roi_highpass_noise_sigma_dn,mae_to_temporal_reference_dn,gradient_mae_to_temporal_reference
Video_20260712100736662_w1920_h1200_pMono10_f10.raw,10,10,input,5.228466,298.903656,5.210860,4.186163,15.384146
Video_20260712100736662_w1920_h1200_pMono10_f10.raw,10,10,temporal_trimmed_mean,5.228466,298.898438,1.863586,0.000000,0.000000
Video_20260712100736662_w1920_h1200_pMono10_f10.raw,10,10,blind_bm3d,5.228466,298.909882,0.327572,1.613205,6.587902
Video_20260712100736662_w1920_h1200_pMono10_f10.raw,10,10,ptc_vst_bm3d,5.228466,298.894806,0.188535,1.568955,6.827374
Video_20260712100821415_w1920_h1200_pMono10_f20.raw,20,10,input,4.238351,525.693604,5.725858,4.054325,15.236771
Video_20260712100821415_w1920_h1200_pMono10_f20.raw,20,10,temporal_trimmed_mean,4.238351,525.684143,2.043026,0.000000,0.000000
Video_20260712100821415_w1920_h1200_pMono10_f20.raw,20,10,blind_bm3d,4.238351,525.692627,1.900867,2.136486,8.376200
Video_20260712100821415_w1920_h1200_pMono10_f20.raw,20,10,ptc_vst_bm3d,4.238351,525.669983,0.335580,1.812081,7.922656
Video_exposure_100ms_w1920_h1200_pMono10_f10.raw,10,10,input,3.139396,341.745117,3.095532,2.413777,8.412072
Video_exposure_100ms_w1920_h1200_pMono10_f10.raw,10,10,temporal_trimmed_mean,3.139396,341.743713,1.368699,0.000000,0.000000
Video_exposure_100ms_w1920_h1200_pMono10_f10.raw,10,10,blind_bm3d,3.139396,341.748749,0.285381,1.051153,4.499408
Video_exposure_100ms_w1920_h1200_pMono10_f10.raw,10,10,ptc_vst_bm3d,3.139396,341.742462,0.060085,1.125082,5.440945
Video_exposure_10ms_w1920_h1200_pMono10_f20.raw,20,10,input,1.047646,81.610016,0.882148,0.744298,2.878085
Video_exposure_10ms_w1920_h1200_pMono10_f20.raw,20,10,temporal_trimmed_mean,1.047646,81.608818,0.257216,0.000000,0.000000
Video_exposure_10ms_w1920_h1200_pMono10_f20.raw,20,10,blind_bm3d,1.047646,81.609360,0.009524,0.220493,1.026669
Video_exposure_10ms_w1920_h1200_pMono10_f20.raw,20,10,ptc_vst_bm3d,1.047646,81.608139,0.004604,0.220254,1.048516
Video_exposure_110ms_w1920_h1200_pMono10_f9.raw,9,10,input,3.143715,367.545654,3.244433,2.510001,8.692906
Video_exposure_110ms_w1920_h1200_pMono10_f9.raw,9,10,temporal_trimmed_mean,3.143715,367.544830,1.473893,0.000000,0.000000
Video_exposure_110ms_w1920_h1200_pMono10_f9.raw,9,10,blind_bm3d,3.143715,367.549469,0.379422,1.113910,4.625732
Video_exposure_110ms_w1920_h1200_pMono10_f9.raw,9,10,ptc_vst_bm3d,3.143715,367.545319,0.071351,1.201987,5.782999
Video_exposure_120ms_w1920_h1200_pMono10_f8.raw,8,10,input,3.145026,385.707153,3.342614,2.581765,8.928962
Video_exposure_120ms_w1920_h1200_pMono10_f8.raw,8,10,temporal_trimmed_mean,3.145026,385.705688,1.544520,0.000000,0.000000
Video_exposure_120ms_w1920_h1200_pMono10_f8.raw,8,10,blind_bm3d,3.145026,385.711884,0.453669,1.159600,4.743454
Video_exposure_120ms_w1920_h1200_pMono10_f8.raw,8,10,ptc_vst_bm3d,3.145026,385.705994,0.075332,1.259340,6.072643
Video_exposure_130ms_w1920_h1200_pMono10_f8.raw,8,10,input,3.146946,423.671753,3.552708,2.724976,9.372446
Video_exposure_130ms_w1920_h1200_pMono10_f8.raw,8,10,temporal_trimmed_mean,3.146946,423.670410,1.702333,0.000000,0.000000
Video_exposure_130ms_w1920_h1200_pMono10_f8.raw,8,10,blind_bm3d,3.146946,423.674957,0.660528,1.255444,4.915164
Video_exposure_130ms_w1920_h1200_pMono10_f8.raw,8,10,ptc_vst_bm3d,3.146946,423.673340,0.089087,1.378140,6.648827
Video_exposure_140ms_w1920_h1200_pMono10_f7.raw,7,10,input,3.150785,444.825226,3.674506,2.785288,9.555299
Video_exposure_140ms_w1920_h1200_pMono10_f7.raw,7,10,temporal_trimmed_mean,3.150785,444.823364,1.770223,0.000000,0.000000
Video_exposure_140ms_w1920_h1200_pMono10_f7.raw,7,10,blind_bm3d,3.150785,444.826813,0.770789,1.293538,4.979822
Video_exposure_140ms_w1920_h1200_pMono10_f7.raw,7,10,ptc_vst_bm3d,3.150785,444.823303,0.095512,1.423743,6.861659
Video_exposure_150ms_w1920_h1200_pMono10_f7.raw,7,10,input,3.265000,467.527039,3.792935,2.866853,9.804889
Video_exposure_150ms_w1920_h1200_pMono10_f7.raw,7,10,temporal_trimmed_mean,3.265000,467.525360,1.853881,0.000000,0.000000
Video_exposure_150ms_w1920_h1200_pMono10_f7.raw,7,10,blind_bm3d,3.265000,467.528198,0.808343,1.349371,5.216589
Video_exposure_150ms_w1920_h1200_pMono10_f7.raw,7,10,ptc_vst_bm3d,3.265000,467.524384,0.104244,1.493166,7.209527
Video_exposure_160ms_w1920_h1200_pMono10_f6.raw,6,10,input,4.164191,555.391235,4.193599,3.132811,10.619288
Video_exposure_160ms_w1920_h1200_pMono10_f6.raw,6,10,temporal_trimmed_mean,4.164191,555.389526,2.171114,0.000000,0.000000
Video_exposure_160ms_w1920_h1200_pMono10_f6.raw,6,10,blind_bm3d,4.164191,555.395935,0.604017,1.573174,6.686910
Video_exposure_160ms_w1920_h1200_pMono10_f6.raw,6,10,ptc_vst_bm3d,4.164191,555.391968,0.145326,1.733475,8.430087
Video_exposure_170ms_w1920_h1200_pMono10_f6.raw,6,10,input,4.188506,655.865479,4.640572,3.400224,11.453594
Video_exposure_170ms_w1920_h1200_pMono10_f6.raw,6,10,temporal_trimmed_mean,4.188506,655.863953,2.488280,0.000000,0.000000
Video_exposure_170ms_w1920_h1200_pMono10_f6.raw,6,10,blind_bm3d,4.188506,655.869385,0.989005,1.747041,7.141121
Video_exposure_170ms_w1920_h1200_pMono10_f6.raw,6,10,ptc_vst_bm3d,4.188506,655.868530,0.194643,1.976556,9.683414
Video_exposure_180ms_w1920_h1200_pMono10_f6.raw,6,10,input,3.914903,544.322327,4.147857,3.111972,10.560225
Video_exposure_180ms_w1920_h1200_pMono10_f6.raw,6,10,temporal_trimmed_mean,3.914903,544.320862,2.139217,0.000000,0.000000
Video_exposure_180ms_w1920_h1200_pMono10_f6.raw,6,10,blind_bm3d,3.914903,544.325623,0.695412,1.543442,6.391759
Video_exposure_180ms_w1920_h1200_pMono10_f6.raw,6,10,ptc_vst_bm3d,3.914903,544.322449,0.143697,1.716910,8.367122
Video_exposure_190ms_w1920_h1200_pMono10_f5.raw,5,10,input,3.195127,515.339966,4.013209,3.027247,10.301450
Video_exposure_190ms_w1920_h1200_pMono10_f5.raw,5,10,temporal_trimmed_mean,3.195127,515.338562,2.026738,0.000000,0.000000
Video_exposure_190ms_w1920_h1200_pMono10_f5.raw,5,10,blind_bm3d,3.195127,515.343506,1.189665,1.484525,5.391429
Video_exposure_190ms_w1920_h1200_pMono10_f5.raw,5,10,ptc_vst_bm3d,3.195127,515.343201,0.127681,1.632183,7.903278
Video_exposure_200ms_w1920_h1200_pMono10_f5.raw,5,10,input,3.155296,437.235626,3.641591,2.801758,9.609389
Video_exposure_200ms_w1920_h1200_pMono10_f5.raw,5,10,temporal_trimmed_mean,3.155296,437.234650,1.762712,0.000000,0.000000
Video_exposure_200ms_w1920_h1200_pMono10_f5.raw,5,10,blind_bm3d,3.155296,437.239624,0.739978,1.312950,5.069520
Video_exposure_200ms_w1920_h1200_pMono10_f5.raw,5,10,ptc_vst_bm3d,3.155296,437.237274,0.094245,1.449071,7.048141
Video_exposure_20ms_w1920_h1200_pMono10_f20.raw,20,10,input,1.049006,101.159431,1.158367,0.977444,3.719103
Video_exposure_20ms_w1920_h1200_pMono10_f20.raw,20,10,temporal_trimmed_mean,1.049006,101.157875,0.354493,0.000000,0.000000
Video_exposure_20ms_w1920_h1200_pMono10_f20.raw,20,10,blind_bm3d,1.049006,101.158699,0.104968,0.318224,1.157853
Video_exposure_20ms_w1920_h1200_pMono10_f20.raw,20,10,ptc_vst_bm3d,1.049006,101.156273,0.007307,0.306591,1.454518
Video_exposure_210ms_w1920_h1200_pMono10_f5.raw,5,10,input,3.152609,429.174622,3.584175,2.776231,9.530924
Video_exposure_210ms_w1920_h1200_pMono10_f5.raw,5,10,temporal_trimmed_mean,3.152609,429.172882,1.723440,0.000000,0.000000
Video_exposure_210ms_w1920_h1200_pMono10_f5.raw,5,10,blind_bm3d,3.152609,429.179657,0.673875,1.292140,5.022334
Video_exposure_210ms_w1920_h1200_pMono10_f5.raw,5,10,ptc_vst_bm3d,3.152609,429.176270,0.093114,1.421152,6.910577
Video_exposure_220ms_w1920_h1200_pMono10_f5.raw,5,10,input,3.193272,479.084167,3.846753,2.926138,9.976550
Video_exposure_220ms_w1920_h1200_pMono10_f5.raw,5,10,temporal_trimmed_mean,3.193272,479.082672,1.925842,0.000000,0.000000
Video_exposure_220ms_w1920_h1200_pMono10_f5.raw,5,10,blind_bm3d,3.193272,479.086853,0.952040,1.405752,5.274765
Video_exposure_220ms_w1920_h1200_pMono10_f5.raw,5,10,ptc_vst_bm3d,3.193272,479.086884,0.115510,1.556428,7.568004
Video_exposure_300ms_w1920_h1200_pMono10_f3.raw,3,10,input,4.035836,524.592407,4.063430,3.061254,10.396476
Video_exposure_300ms_w1920_h1200_pMono10_f3.raw,3,10,temporal_trimmed_mean,4.035836,524.590576,2.075467,0.000000,0.000000
Video_exposure_300ms_w1920_h1200_pMono10_f3.raw,3,10,blind_bm3d,4.035836,524.596985,0.551805,1.527704,6.474574
Video_exposure_300ms_w1920_h1200_pMono10_f3.raw,3,10,ptc_vst_bm3d,4.035836,524.594727,0.126617,1.677553,8.143809
Video_exposure_30ms_w1920_h1200_pMono10_f20.raw,20,10,input,1.053205,122.447861,1.416907,1.177142,4.421420
Video_exposure_30ms_w1920_h1200_pMono10_f20.raw,20,10,temporal_trimmed_mean,1.053205,122.446388,0.453669,0.000000,0.000000
Video_exposure_30ms_w1920_h1200_pMono10_f20.raw,20,10,blind_bm3d,1.053205,122.448448,0.433965,0.490026,1.387198
Video_exposure_30ms_w1920_h1200_pMono10_f20.raw,20,10,ptc_vst_bm3d,1.053205,122.444908,0.010802,0.390171,1.850476
Video_exposure_400ms_w1920_h1200_pMono10_f2.raw,2,10,input,4.227601,708.372681,4.859059,3.524697,11.785495
Video_exposure_400ms_w1920_h1200_pMono10_f2.raw,2,10,temporal_trimmed_mean,4.227601,708.370850,2.697401,0.000000,0.000000
Video_exposure_400ms_w1920_h1200_pMono10_f2.raw,2,10,blind_bm3d,4.227601,708.376892,1.231562,1.850451,7.368984
Video_exposure_400ms_w1920_h1200_pMono10_f2.raw,2,10,ptc_vst_bm3d,4.227601,708.377502,0.227581,2.117521,10.349850
Video_exposure_40ms_w1920_h1200_pMono10_f20.raw,20,10,input,2.080832,141.182373,1.613133,1.332868,4.945064
Video_exposure_40ms_w1920_h1200_pMono10_f20.raw,20,10,temporal_trimmed_mean,2.080832,141.180771,0.539249,0.000000,0.000000
Video_exposure_40ms_w1920_h1200_pMono10_f20.raw,20,10,blind_bm3d,2.080832,141.186462,0.024817,0.458171,2.107946
Video_exposure_40ms_w1920_h1200_pMono10_f20.raw,20,10,ptc_vst_bm3d,2.080832,141.180374,0.013754,0.461935,2.199448
Video_exposure_50ms_w1920_h1200_pMono10_f20.raw,20,10,input,2.090302,158.684998,1.773390,1.463646,5.381911
Video_exposure_50ms_w1920_h1200_pMono10_f20.raw,20,10,temporal_trimmed_mean,2.090302,158.683212,0.609797,0.000000,0.000000
Video_exposure_50ms_w1920_h1200_pMono10_f20.raw,20,10,blind_bm3d,2.090302,158.687454,0.041241,0.517809,2.343981
Video_exposure_50ms_w1920_h1200_pMono10_f20.raw,20,10,ptc_vst_bm3d,2.090302,158.682480,0.016401,0.525612,2.512458
Video_exposure_60ms_w1920_h1200_pMono10_f17.raw,17,10,input,2.095085,175.588974,1.922924,1.580204,5.766747
Video_exposure_60ms_w1920_h1200_pMono10_f17.raw,17,10,temporal_trimmed_mean,2.095085,175.587082,0.681657,0.000000,0.000000
Video_exposure_60ms_w1920_h1200_pMono10_f17.raw,17,10,blind_bm3d,2.095085,175.591934,0.073364,0.572735,2.514026
Video_exposure_60ms_w1920_h1200_pMono10_f17.raw,17,10,ptc_vst_bm3d,2.095085,175.586319,0.020089,0.585967,2.803867
Video_exposure_70ms_w1920_h1200_pMono10_f14.raw,14,10,input,2.096844,206.821793,2.184009,1.767265,6.368945
Video_exposure_70ms_w1920_h1200_pMono10_f14.raw,14,10,temporal_trimmed_mean,2.096844,206.820099,0.814586,0.000000,0.000000
Video_exposure_70ms_w1920_h1200_pMono10_f14.raw,14,10,blind_bm3d,2.096844,206.822006,0.186770,0.668341,2.727413
Video_exposure_70ms_w1920_h1200_pMono10_f14.raw,14,10,ptc_vst_bm3d,2.096844,206.817810,0.026468,0.692009,3.332371
Video_exposure_80ms_w1920_h1200_pMono10_f12.raw,12,10,input,2.110201,254.142776,2.525991,2.022431,7.187438
Video_exposure_80ms_w1920_h1200_pMono10_f12.raw,12,10,temporal_trimmed_mean,2.110201,254.141327,1.006944,0.000000,0.000000
Video_exposure_80ms_w1920_h1200_pMono10_f12.raw,12,10,blind_bm3d,2.110201,254.144287,0.487648,0.827674,2.968650
Video_exposure_80ms_w1920_h1200_pMono10_f12.raw,12,10,ptc_vst_bm3d,2.110201,254.138565,0.036558,0.850155,4.121157
Video_exposure_90ms_w1920_h1200_pMono10_f11.raw,11,10,input,3.139172,303.103088,2.848745,2.255329,7.931799
Video_exposure_90ms_w1920_h1200_pMono10_f11.raw,11,10,temporal_trimmed_mean,3.139172,303.101532,1.199981,0.000000,0.000000
Video_exposure_90ms_w1920_h1200_pMono10_f11.raw,11,10,blind_bm3d,3.139172,303.106720,0.176093,0.953415,4.230496
Video_exposure_90ms_w1920_h1200_pMono10_f11.raw,11,10,ptc_vst_bm3d,3.139172,303.099915,0.049045,1.005430,4.870694
Video_20260712095138103_w1920_h1200_pMono10_f3.raw,3,10,input,5.351478,406.745270,5.805330,4.758589,17.497503
Video_20260712095138103_w1920_h1200_pMono10_f3.raw,3,10,temporal_trimmed_mean,5.351478,406.738586,1.926974,0.000000,0.000000
Video_20260712095138103_w1920_h1200_pMono10_f3.raw,3,10,blind_bm3d,5.351478,406.743622,0.575468,1.791623,6.487689
Video_20260712095138103_w1920_h1200_pMono10_f3.raw,3,10,ptc_vst_bm3d,5.351478,406.724518,0.205366,1.675334,6.756507
Video_20260712095254594_w1920_h1200_pMono10_f10.raw,10,10,input,3.160559,197.182449,3.596844,3.033172,11.475459
Video_20260712095254594_w1920_h1200_pMono10_f10.raw,10,10,temporal_trimmed_mean,3.160559,197.175827,1.104662,0.000000,0.000000
Video_20260712095254594_w1920_h1200_pMono10_f10.raw,10,10,blind_bm3d,3.160559,197.175385,0.502873,1.127386,3.782872
Video_20260712095254594_w1920_h1200_pMono10_f10.raw,10,10,ptc_vst_bm3d,3.160559,197.160370,0.070604,0.957613,4.003173
Video_20260712095543069_w1920_h1200_pMono10_f0.25.raw,0.25,10,input,3.938002,164.578445,3.082722,5.172838,11.981644
Video_20260712095543069_w1920_h1200_pMono10_f0.25.raw,0.25,10,temporal_trimmed_mean,3.938002,164.550247,1.505643,0.000000,0.000000
Video_20260712095543069_w1920_h1200_pMono10_f0.25.raw,0.25,10,blind_bm3d,3.938002,164.557755,0.173072,4.395585,5.860528
Video_20260712095543069_w1920_h1200_pMono10_f0.25.raw,0.25,10,ptc_vst_bm3d,3.938002,164.540054,0.099052,4.396333,6.243849
Video_20260712094756507_w1920_h1200_pMono10_f3.raw,3,10,input,6.376562,538.174316,7.465292,5.725335,20.533522
Video_20260712094756507_w1920_h1200_pMono10_f3.raw,3,10,temporal_trimmed_mean,6.376562,538.169067,2.861639,0.000000,0.000000
Video_20260712094756507_w1920_h1200_pMono10_f3.raw,3,10,blind_bm3d,6.376562,538.171936,1.032587,2.350441,8.653435
Video_20260712094756507_w1920_h1200_pMono10_f3.raw,3,10,ptc_vst_bm3d,6.376562,538.157227,0.367037,2.246123,9.436586
Video_20260712094907104_w1920_h1200_pMono10_f10.raw,10,10,input,4.179084,207.318253,3.948124,3.275011,12.346239
Video_20260712094907104_w1920_h1200_pMono10_f10.raw,10,10,temporal_trimmed_mean,4.179084,207.312698,1.323171,0.000000,0.000000
Video_20260712094907104_w1920_h1200_pMono10_f10.raw,10,10,blind_bm3d,4.179084,207.317947,0.220455,1.129589,4.438374
Video_20260712094907104_w1920_h1200_pMono10_f10.raw,10,10,ptc_vst_bm3d,4.179084,207.306686,0.097774,1.099379,4.698317
Video_20260712100510569_w1920_h1200_pMono10_f10.raw,10,10,input,5.241711,319.471283,5.291984,4.473769,16.499033
Video_20260712100510569_w1920_h1200_pMono10_f10.raw,10,10,temporal_trimmed_mean,5.241711,319.465271,1.802641,0.000000,0.000000
Video_20260712100510569_w1920_h1200_pMono10_f10.raw,10,10,blind_bm3d,5.241711,319.469940,0.330807,1.928735,7.914870
Video_20260712100510569_w1920_h1200_pMono10_f10.raw,10,10,ptc_vst_bm3d,5.241711,319.452179,0.202244,1.885888,7.950991
